Name,Rk,G,Date,Age,Tm,Venue,Opp,,GS,MP,FG,FGA,FG%,3P,3PA,3P%,FT,FTA,FT%,ORB,DRB,TRB,AST,STL,BLK,TOV,PF,PTS,GmSc,+/-
Kyrie Irving,1,1,16/10/2018,26-207,BOS,Home,PHI,W (+18),1,29:00:00,2,14,0.143,1,8,0.125,2,2,1,0,4,4,7,0,0,3,1,7,0.7,9
Kyrie Irving,2,2,19/10/2018,26-210,BOS,Away,TOR,L (-12),1,35:56:00,10,20,0.5,1,3,0.333,0,0,,2,2,4,6,0,1,1,3,21,15.7,-16
Kyrie Irving,3,3,20/10/2018,26-211,BOS,Away,NYK,W (+2),1,32:06:00,5,16,0.313,0,3,0,6,7,0.857,0,1,1,5,2,0,2,3,16,9,-13
Kyrie Irving,4,4,22/10/2018,26-213,BOS,Home,ORL,L (-3),1,34:01:00,10,19,0.526,2,8,0.25,0,0,,1,7,8,5,2,1,4,1,22,17.3,-8
Kyrie Irving,5,5,25/10/2018,26-216,BOS,Away,OKC,W (+6),1,33:33:00,6,13,0.462,2,6,0.333,1,4,0.25,1,4,5,5,0,0,3,3,15,8.3,2
Kyrie Irving,6,6,27/10/2018,26-218,BOS,Away,DET,W (+20),1,23:27,1,5,0.2,1,1,1,0,0,,0,7,7,5,1,1,2,1,3,4.8,13
Kyrie Irving,7,7,30/10/2018,26-221,BOS,Home,DET,W (+3),1,33:25:00,10,16,0.625,4,7,0.571,7,8,0.875,1,4,5,5,1,0,2,0,31,27.8,1
Kyrie Irving,8,8,1/11/2018,26-223,BOS,Home,MIL,W (+4),1,33:17:00,10,20,0.5,6,12,0.5,2,2,1,1,2,3,7,1,2,2,2,28,23.8,12
Kyrie Irving,9,9,3/11/2018,26-225,BOS,Away,IND,L (-1),1,27:23:00,6,12,0.5,4,7,0.571,2,2,1,0,6,6,3,0,1,3,3,18,12.4,8
Kyrie Irving,10,10,5/11/2018,26-227,BOS,Away,DEN,L (-8),1,33:57:00,13,17,0.765,4,6,0.667,1,1,1,2,3,5,5,3,1,2,3,31,30.6,2
Kyrie Irving,11,11,8/11/2018,26-230,BOS,Away,PHO,W (+7),1,43:17:00,13,28,0.464,6,13,0.462,7,7,1,2,5,7,6,3,1,3,5,39,30.4,7
Kyrie Irving,12,,9/11/2018,26-231,BOS,Away,UTA,L (-8),Not With Team,Not With Team,Not With Team,Not With Team,Not With Team,Not With Team,Not With Team,Not With Team,Not With Team,Not With Team,Not With Team,Not With Team,Not With Team,Not With Team,Not With Team,Not With Team,Not With Team,Not With Team,Not With Team,Not With Team,Not With Team,Not With Team
Kyrie Irving,13,12,11/11/2018,26-233,BOS,Away,POR,L (-6),1,32:23:00,9,24,0.375,3,10,0.3,0,0,,1,1,2,6,5,0,3,3,21,13.8,-10
Kyrie Irving,14,13,14/11/2018,26-236,BOS,Home,CHI,W (+29),1,27:45:00,6,8,0.75,1,1,1,4,4,1,1,5,6,7,2,0,1,1,17,21.5,20
Kyrie Irving,15,14,16/11/2018,26-238,BOS,Home,TOR,W (+7),1,38:33:00,18,26,0.692,3,6,0.5,4,6,0.667,0,2,2,11,3,1,3,3,43,39,9
Kyrie Irving,16,15,17/11/2018,26-239,BOS,Home,UTA,L (-12),1,30:22:00,8,16,0.5,1,2,0.5,3,5,0.6,2,6,8,1,2,0,1,5,20,14.1,-10
Kyrie Irving,17,16,19/11/2018,26-241,BOS,Away,CHO,L (-5),1,33:42:00,12,25,0.48,1,8,0.125,2,3,0.667,2,3,5,11,2,0,2,4,27,22.3,6
Kyrie Irving,18,17,21/11/2018,26-243,BOS,Home,NYK,L (-8),1,36:58:00,9,25,0.36,2,9,0.222,2,2,1,3,3,6,13,3,1,2,1,22,21.5,13
Kyrie Irving,19,18,23/11/2018,26-245,BOS,Away,ATL,W (+18),1,19:48,4,11,0.364,3,7,0.429,2,2,1,1,3,4,3,1,0,2,3,13,,
Kyrie Irving,1,1,17/10/2017,25-208,BOS,Away,CLE,L (-3),1,39:21:00,8,17,0.471,4,9,0.444,2,2,1,2,2,4,10,3,0,2,4,22,21.7,-1
Kyrie Irving,2,2,18/10/2017,25-209,BOS,Home,MIL,L (-8),1,38:56:00,7,25,0.28,2,7,0.286,1,2,0.5,1,3,4,3,3,0,3,1,17,5.2,-2
Kyrie Irving,3,3,20/10/2017,25-211,BOS,Away,PHI,W (+10),1,35:48:00,7,17,0.412,1,4,0.25,6,7,0.857,2,4,6,4,2,0,5,4,21,12.3,2
Kyrie Irving,4,4,24/10/2017,25-215,BOS,Home,NYK,W (+21),1,29:32:00,5,13,0.385,1,5,0.2,9,9,1,0,3,3,7,1,0,3,2,20,15.9,13
Kyrie Irving,5,5,26/10/2017,25-217,BOS,Away,MIL,W (+7),1,34:35:00,10,18,0.556,2,4,0.5,2,2,1,0,3,3,7,2,1,2,3,24,20.7,4
Kyrie Irving,6,6,28/10/2017,25-219,BOS,Away,MIA,W (+6),1,33:33:00,10,23,0.435,2,8,0.25,2,2,1,0,4,4,3,3,1,2,0,24,16.9,4
Kyrie Irving,7,7,30/10/2017,25-221,BOS,Home,SAS,W (+14),1,30:20:00,10,16,0.625,3,7,0.429,1,1,1,0,2,2,6,3,1,1,3,24,23.1,25
Kyrie Irving,8,8,1/11/2017,25-223,BOS,Home,SAC,W (+27),1,27:00:00,8,17,0.471,4,9,0.444,2,2,1,0,0,0,5,4,0,2,1,22,18.4,22
Kyrie Irving,9,9,3/11/2017,25-225,BOS,Away,OKC,W (+7),1,34:29:00,10,22,0.455,3,7,0.429,2,3,0.667,1,4,5,6,2,1,0,1,25,21.6,15
Kyrie Irving,10,10,5/11/2017,25-227,BOS,Away,ORL,W (+16),1,27:40:00,4,13,0.308,0,4,0,3,4,0.75,0,0,0,5,1,0,1,3,11,5.4,8
Kyrie Irving,11,11,6/11/2017,25-228,BOS,Away,ATL,W (+3),1,36:57:00,14,22,0.636,4,10,0.4,3,4,0.75,0,3,3,7,0,0,2,3,35,27.4,5
Kyrie Irving,12,12,8/11/2017,25-230,BOS,Home,LAL,W (+11),1,33:02:00,7,21,0.333,0,7,0,5,5,1,0,6,6,5,1,0,2,3,19,10.2,2
Kyrie Irving,13,13,10/11/2017,25-232,BOS,Home,CHO,W (+3),1,1:50,0,1,0,0,0,,0,0,,0,0,0,0,0,0,0,0,0,-0.7,-6
Kyrie Irving,14,,12/11/2017,25-234,BOS,Home,TOR,W (+1),Inactive,Inactive,Inactive,Inactive,Inactive,Inactive,Inactive,Inactive,Inactive,Inactive,Inactive,Inactive,Inactive,Inactive,Inactive,Inactive,Inactive,Inactive,Inactive,Inactive,Inactive,Inactive
Kyrie Irving,15,14,14/11/2017,25-236,BOS,Away,BRK,W (+7),1,29:01:00,8,20,0.4,2,5,0.4,7,8,0.875,1,2,3,5,1,0,2,1,25,17.2,10
Kyrie Irving,16,15,16/11/2017,25-238,BOS,Home,GSW,W (+4),1,33:47:00,4,16,0.25,1,5,0.2,7,8,0.875,0,5,5,6,1,1,1,2,16,11.6,-4
Kyrie Irving,17,16,18/11/2017,25-240,BOS,Away,ATL,W (+11),1,31:26:00,10,12,0.833,5,6,0.833,5,5,1,0,4,4,5,0,1,4,3,30,25.8,6
Kyrie Irving,18,17,20/11/2017,25-242,BOS,Away,DAL,W (+8),1,38:46:00,16,22,0.727,5,7,0.714,10,11,0.909,1,2,3,6,1,0,3,3,47,39.9,21
Kyrie Irving,19,18,22/11/2017,25-244,BOS,Away,MIA,L (-6),1,33:24:00,11,22,0.5,0,3,0,1,4,0.25,1,0,1,3,3,0,1,2,23,14.8,
Al Horford,1,1,16/10/2018,32-135,BOS,Home,PHI,W (+18),1,29:57:00,4,7,0.571,0,1,0,1,1,1,0,4,4,2,0,4,3,1,9,7.7,9
Al Horford,2,2,19/10/2018,32-138,BOS,Away,TOR,L (-12),1,33:26:00,5,12,0.417,3,7,0.429,1,1,1,5,5,10,9,1,1,3,3,14,16.4,-10
Al Horford,3,3,20/10/2018,32-139,BOS,Away,NYK,W (+2),1,23:55,3,7,0.429,2,3,0.667,0,2,0,2,8,10,3,1,1,2,4,8,7.5,1
Al Horford,4,4,22/10/2018,32-141,BOS,Home,ORL,L (-3),1,32:14:00,5,13,0.385,1,7,0.143,4,4,1,1,5,6,4,0,1,0,0,15,13.6,-12
Al Horford,5,5,25/10/2018,32-144,BOS,Away,OKC,W (+6),1,31:27:00,7,16,0.438,3,5,0.6,2,2,1,3,6,9,2,1,1,1,4,19,15,2
Al Horford,6,6,27/10/2018,32-146,BOS,Away,DET,W (+20),1,20:42,2,8,0.25,0,5,0,0,0,,1,3,4,1,1,1,1,3,4,1,3
Al Horford,7,7,30/10/2018,32-149,BOS,Home,DET,W (+3),1,32:50:00,5,9,0.556,0,3,0,1,2,0.5,2,3,5,4,1,1,3,4,11,8.5,2
Al Horford,8,8,1/11/2018,32-151,BOS,Home,MIL,W (+4),1,31:57:00,6,15,0.4,4,11,0.364,2,2,1,1,4,5,8,0,1,3,0,18,15.1,11
Al Horford,9,9,3/11/2018,32-153,BOS,Away,IND,L (-1),1,28:37:00,6,13,0.462,1,4,0.25,1,2,0.5,3,2,5,1,1,1,0,1,14,11.6,-4
Al Horford,10,10,5/11/2018,32-155,BOS,Away,DEN,L (-8),1,32:40:00,6,9,0.667,0,2,0,0,1,0,0,4,4,6,1,0,0,1,12,13.7,5
Al Horford,11,11,8/11/2018,32-158,BOS,Away,PHO,W (+7),1,32:43:00,3,7,0.429,1,2,0.5,0,1,0,2,4,6,3,0,4,2,0,7,8.4,14
Al Horford,12,12,9/11/2018,32-159,BOS,Away,UTA,L (-8),1,28:32:00,6,10,0.6,1,3,0.333,0,0,,0,4,4,3,1,2,2,2,13,11.3,-11
Al Horford,13,13,11/11/2018,32-161,BOS,Away,POR,L (-6),1,34:26:00,4,14,0.286,0,5,0,2,4,0.5,4,4,8,3,2,2,1,0,10,9.5,2
Al Horford,14,14,14/11/2018,32-164,BOS,Home,CHI,W (+29),1,20:03,4,6,0.667,2,2,1,0,0,,0,8,8,3,1,2,0,0,10,14.3,13
Al Horford,15,15,16/11/2018,32-166,BOS,Home,TOR,W (+7),1,35:14:00,5,9,0.556,1,2,0.5,0,0,,1,8,9,2,0,2,1,2,11,10.8,-5
Al Horford,16,16,17/11/2018,32-167,BOS,Home,UTA,L (-12),1,21:15,4,7,0.571,1,4,0.25,0,0,,2,4,6,2,1,2,3,2,9,8.3,-13
Al Horford,17,17,19/11/2018,32-169,BOS,Away,CHO,L (-5),1,30:59:00,4,6,0.667,0,1,0,0,0,,0,3,3,4,0,3,1,3,8,9,-10
Al Horford,18,18,21/11/2018,32-171,BOS,Home,NYK,L (-8),1,35:17:00,7,11,0.636,2,2,1,3,4,0.75,3,4,7,5,1,3,0,0,19,23.6,-1
Al Horford,19,,23/11/2018,32-173,BOS,Away,ATL,W (+18),Inactive,Inactive,Inactive,Inactive,Inactive,Inactive,Inactive,Inactive,Inactive,Inactive,Inactive,Inactive,Inactive,Inactive,Inactive,Inactive,Inactive,Inactive,Inactive,Inactive,Inactive,Inactive
Al Horford,1,1,17/10/2017,31-136,BOS,Away,CLE,L (-3),1,32:07:00,2,7,0.286,0,2,0,5,7,0.714,0,7,7,5,0,1,0,2,9,9.6,8
Al Horford,2,2,18/10/2017,31-137,BOS,Home,MIL,L (-8),1,33:27:00,6,11,0.545,0,2,0,1,1,1,1,5,6,4,3,2,2,3,13,13.9,1
Al Horford,3,3,20/10/2017,31-139,BOS,Away,PHI,W (+10),1,36:25:00,5,16,0.313,3,7,0.429,4,4,1,3,6,9,3,0,1,4,2,17,9.7,5
Al Horford,4,4,24/10/2017,31-143,BOS,Home,NYK,W (+21),1,29:03:00,5,8,0.625,2,4,0.5,1,2,0.5,2,11,13,5,0,1,2,1,13,15.5,11
Al Horford,5,5,26/10/2017,31-145,BOS,Away,MIL,W (+7),1,34:15:00,11,14,0.786,4,5,0.8,1,1,1,1,8,9,4,0,1,4,2,27,23.4,2
Al Horford,6,6,28/10/2017,31-147,BOS,Away,MIA,W (+6),1,34:01:00,3,9,0.333,0,2,0,6,7,0.857,1,8,9,3,1,0,2,1,12,10.3,5
Al Horford,7,7,30/10/2017,31-149,BOS,Home,SAS,W (+14),1,29:51:00,7,11,0.636,0,0,,0,0,,3,10,13,5,2,0,1,2,14,17.9,19
Al Horford,8,8,1/11/2017,31-151,BOS,Home,SAC,W (+27),1,25:33:00,3,6,0.5,1,4,0.25,0,0,,0,7,7,6,1,1,4,1,7,7.6,19
Al Horford,9,9,3/11/2017,31-153,BOS,Away,OKC,W (+7),1,34:24:00,8,10,0.8,4,4,1,0,0,,2,6,8,4,0,0,2,2,20,19.4,10
Al Horford,10,10,5/11/2017,31-155,BOS,Away,ORL,W (+16),1,28:52:00,5,8,0.625,3,3,1,1,2,0.5,1,9,10,4,0,0,6,3,14,9,9
Al Horford,11,11,6/11/2017,31-156,BOS,Away,ATL,W (+3),1,33:13:00,5,13,0.385,1,5,0.2,4,4,1,2,8,10,9,0,1,1,1,15,17.3,10
Al Horford,12,,8/11/2017,31-158,BOS,Home,LAL,W (+11),Inactive,Inactive,Inactive,Inactive,Inactive,Inactive,Inactive,Inactive,Inactive,Inactive,Inactive,Inactive,Inactive,Inactive,Inactive,Inactive,Inactive,Inactive,Inactive,Inactive,Inactive,Inactive
Al Horford,13,,10/11/2017,31-160,BOS,Home,CHO,W (+3),Inactive,Inactive,Inactive,Inactive,Inactive,Inactive,Inactive,Inactive,Inactive,Inactive,Inactive,Inactive,Inactive,Inactive,Inactive,Inactive,Inactive,Inactive,Inactive,Inactive,Inactive,Inactive
Al Horford,14,12,12/11/2017,31-162,BOS,Home,TOR,W (+1),1,33:22:00,8,9,0.889,1,1,1,4,5,0.8,1,2,3,4,2,0,2,1,21,21.2,4
Al Horford,15,13,14/11/2017,31-164,BOS,Away,BRK,W (+7),1,30:27:00,8,10,0.8,1,2,0.5,0,0,,1,10,11,3,0,0,2,1,17,16.6,22
Al Horford,16,14,16/11/2017,31-166,BOS,Home,GSW,W (+4),1,35:08:00,7,11,0.636,0,4,0,4,4,1,1,10,11,2,0,0,5,1,18,12.8,16
Al Horford,17,15,18/11/2017,31-168,BOS,Away,ATL,W (+11),1,32:37:00,3,11,0.273,1,5,0.2,0,0,,2,4,6,6,1,0,3,4,7,3.7,2
Al Horford,18,16,20/11/2017,31-170,BOS,Away,DAL,W (+8),1,38:42:00,1,5,0.2,1,1,1,0,0,,1,7,8,7,1,2,3,0,3,7,15
Al Horford,19,17,22/11/2017,31-172,BOS,Away,MIA,L (-6),1,34:57:00,3,10,0.3,1,4,0.25,0,2,0,2,7,9,4,1,2,1,0,7,8.1,+
Jayson Tatum,1,1,16/10/2018,20-227,BOS,Home,PHI,W (+18),1,28:56:00,9,17,0.529,1,5,0.2,4,5,0.8,2,7,9,3,1,0,1,2,23,19.1,6
Jayson Tatum,2,2,19/10/2018,20-230,BOS,Away,TOR,L (-12),1,36:47:00,6,16,0.375,2,6,0.333,2,2,1,0,9,9,2,1,1,5,5,16,6,-14
Jayson Tatum,3,3,20/10/2018,20-231,BOS,Away,NYK,W (+2),1,35:11:00,8,15,0.533,2,3,0.667,6,6,1,1,13,14,0,2,0,4,2,24,18.5,19
Jayson Tatum,4,4,22/10/2018,20-233,BOS,Home,ORL,L (-3),1,34:25:00,3,12,0.25,0,5,0,1,2,0.5,2,8,10,4,0,0,0,2,7,5.2,2
Jayson Tatum,5,5,25/10/2018,20-236,BOS,Away,OKC,W (+6),1,34:26:00,8,18,0.444,1,3,0.333,7,7,1,1,5,6,1,1,0,2,4,24,14.9,14
Jayson Tatum,6,6,27/10/2018,20-238,BOS,Away,DET,W (+20),1,28:19:00,2,9,0.222,1,2,0.5,1,2,0.5,0,3,3,3,0,1,0,1,6,3.4,5
Jayson Tatum,7,7,30/10/2018,20-241,BOS,Home,DET,W (+3),1,30:06:00,4,12,0.333,1,4,0.25,7,8,0.875,1,5,6,3,0,0,1,3,16,10.9,10
Jayson Tatum,8,8,1/11/2018,20-243,BOS,Home,MIL,W (+4),1,31:39:00,4,9,0.444,2,3,0.667,2,2,1,1,5,6,4,0,0,2,4,12,8.7,14
Jayson Tatum,9,9,3/11/2018,20-245,BOS,Away,IND,L (-1),1,33:17:00,5,11,0.455,4,8,0.5,0,0,,1,6,7,3,0,1,3,1,14,10.2,8
Jayson Tatum,10,10,5/11/2018,20-247,BOS,Away,DEN,L (-8),1,34:42:00,5,14,0.357,1,4,0.25,4,4,1,1,1,2,4,1,2,2,2,15,10.6,-4
Jayson Tatum,11,11,8/11/2018,20-250,BOS,Away,PHO,W (+7),1,29:40:00,1,7,0.143,0,1,0,2,2,1,4,4,8,2,1,0,1,2,4,4.1,15
Jayson Tatum,12,12,9/11/2018,20-251,BOS,Away,UTA,L (-8),1,36:13:00,7,14,0.5,2,4,0.5,5,6,0.833,1,2,3,4,5,0,1,4,21,20.1,0
Jayson Tatum,13,13,11/11/2018,20-253,BOS,Away,POR,L (-6),1,34:45:00,9,18,0.5,5,9,0.556,4,4,1,3,5,8,0,0,2,1,2,27,21.2,-7
Jayson Tatum,14,14,14/11/2018,20-256,BOS,Home,CHI,W (+29),1,26:39:00,5,14,0.357,4,8,0.5,0,0,,2,4,6,0,1,0,2,2,14,7,6
Jayson Tatum,15,15,16/11/2018,20-258,BOS,Home,TOR,W (+7),1,37:32:00,8,13,0.615,2,4,0.5,3,4,0.75,1,6,7,1,2,1,3,4,21,16,8
Jayson Tatum,16,16,17/11/2018,20-259,BOS,Home,UTA,L (-12),1,23:32,5,11,0.455,0,2,0,0,0,,1,6,7,0,0,0,2,0,10,4.8,-13
Jayson Tatum,17,17,19/11/2018,20-261,BOS,Away,CHO,L (-5),1,30:28:00,8,15,0.533,1,4,0.25,3,6,0.5,1,5,6,2,1,1,0,1,20,16.4,-9
Jayson Tatum,18,18,21/11/2018,20-263,BOS,Home,NYK,L (-8),1,29:00:00,4,12,0.333,1,1,1,6,9,0.667,3,5,8,0,0,0,0,2,15,9.8,-12
Jayson Tatum,19,19,23/11/2018,20-265,BOS,Away,ATL,W (+18),1,22:56,6,11,0.545,2,5,0.4,0,0,,1,1,2,2,1,1,0,1,14,12.4,+
Jayson Tatum,1,1,17/10/2017,19-228,BOS,Away,CLE,L (-3),1,36:32:00,5,12,0.417,1,2,0.5,3,3,1,4,6,10,3,0,0,1,4,14,11.7,6
Jayson Tatum,2,2,18/10/2017,19-229,BOS,Home,MIL,L (-8),1,36:32:00,3,7,0.429,0,1,0,2,5,0.4,2,7,9,2,1,0,2,3,8,5.8,-15
Jayson Tatum,3,3,20/10/2017,19-231,BOS,Away,PHI,W (+10),1,32:45:00,3,8,0.375,0,2,0,9,9,1,2,6,8,0,0,3,3,3,15,11.7,-4
Jayson Tatum,4,4,24/10/2017,19-235,BOS,Home,NYK,W (+21),1,31:08:00,9,15,0.6,4,6,0.667,0,0,,1,3,4,2,4,2,3,4,22,18.9,10
Jayson Tatum,5,5,26/10/2017,19-237,BOS,Away,MIL,W (+7),1,27:49:00,3,6,0.5,1,3,0.333,5,5,1,0,2,2,3,1,0,2,1,12,10.3,8
Jayson Tatum,6,6,28/10/2017,19-239,BOS,Away,MIA,W (+6),1,31:28:00,6,9,0.667,2,2,1,6,7,0.857,2,3,5,0,0,0,0,1,20,17.6,2
Jayson Tatum,7,7,30/10/2017,19-241,BOS,Home,SAS,W (+14),1,35:18:00,2,7,0.286,2,4,0.5,1,2,0.5,0,11,11,2,0,3,2,3,7,6.1,10
Jayson Tatum,8,8,1/11/2017,19-243,BOS,Home,SAC,W (+27),1,26:25:00,4,7,0.571,1,2,0.5,3,4,0.75,1,3,4,2,0,0,2,1,12,8.9,23
Jayson Tatum,9,9,3/11/2017,19-245,BOS,Away,OKC,W (+7),1,29:48:00,4,10,0.4,2,3,0.667,3,4,0.75,2,4,6,3,0,0,4,1,13,7.5,4
Jayson Tatum,10,10,5/11/2017,19-247,BOS,Away,ORL,W (+16),1,27:19:00,5,8,0.625,2,4,0.5,1,2,0.5,0,4,4,3,1,0,0,4,13,11.7,6
Jayson Tatum,11,11,6/11/2017,19-248,BOS,Away,ATL,W (+3),1,32:27:00,7,13,0.538,3,5,0.6,4,4,1,0,8,8,1,1,2,0,1,21,19.8,15
Jayson Tatum,12,12,8/11/2017,19-250,BOS,Home,LAL,W (+11),1,9:21,1,2,0.5,0,0,,3,3,1,0,1,1,1,1,1,1,1,5,5.3,-1
Jayson Tatum,13,13,10/11/2017,19-252,BOS,Home,CHO,W (+3),1,30:44:00,6,12,0.5,1,4,0.25,3,4,0.75,0,2,2,1,0,0,2,4,16,7.3,5
Jayson Tatum,14,14,12/11/2017,19-254,BOS,Home,TOR,W (+1),1,32:59:00,6,15,0.4,1,4,0.25,0,0,,1,6,7,0,0,0,2,3,13,4.2,2
Jayson Tatum,15,15,14/11/2017,19-256,BOS,Away,BRK,W (+7),1,30:17:00,6,9,0.667,2,3,0.667,5,6,0.833,1,3,4,0,3,1,1,1,19,18.6,5
Jayson Tatum,16,16,16/11/2017,19-258,BOS,Home,GSW,W (+4),1,27:04:00,2,5,0.4,0,0,,8,9,0.889,1,3,4,0,1,0,1,3,12,9.3,-18
Jayson Tatum,17,17,18/11/2017,19-260,BOS,Away,ATL,W (+11),1,28:47:00,5,11,0.455,1,3,0.333,3,3,1,0,7,7,0,4,2,1,3,14,13.6,-4
Jayson Tatum,18,18,20/11/2017,19-262,BOS,Away,DAL,W (+8),1,37:49:00,6,11,0.545,0,2,0,3,4,0.75,0,9,9,1,1,1,1,3,15,12.2,15
Jayson Tatum,19,19,22/11/2017,19-264,BOS,Away,MIA,L (-6),1,34:05:00,5,11,0.455,3,4,0.75,5,5,1,1,6,7,4,1,1,1,1,18,17.9,
Jaylen Brown,1,1,16/10/2018,21-357,BOS,Home,PHI,W (+18),1,28:23:00,5,13,0.385,1,3,0.333,1,2,0.5,3,2,5,2,0,0,2,4,12,5,11
Jaylen Brown,2,2,19/10/2018,21-360,BOS,Away,TOR,L (-12),1,24:10:00,5,10,0.5,3,6,0.5,0,2,0,1,3,4,0,0,0,1,4,13,6.2,0
Jaylen Brown,3,3,20/10/2018,21-361,BOS,Away,NYK,W (+2),1,38:27:00,2,9,0.222,0,2,0,3,3,1,2,3,5,2,1,0,2,3,7,3,1
Jaylen Brown,4,4,22/10/2018,21-363,BOS,Home,ORL,L (-3),1,31:18:00,2,9,0.222,1,4,0.25,0,0,,0,5,5,3,0,1,1,3,5,1.6,-15
Jaylen Brown,5,5,25/10/2018,22-001,BOS,Away,OKC,W (+6),1,23:47,1,8,0.125,0,2,0,4,6,0.667,3,0,3,2,1,0,1,2,6,2.7,-11
Jaylen Brown,6,6,27/10/2018,22-003,BOS,Away,DET,W (+20),1,25:15:00,6,13,0.462,3,7,0.429,4,6,0.667,0,2,2,1,1,1,2,4,19,10.9,24
Jaylen Brown,7,7,30/10/2018,22-006,BOS,Home,DET,W (+3),1,32:12:00,6,13,0.462,1,4,0.25,1,2,0.5,1,4,5,3,1,1,0,2,14,11.8,1
Jaylen Brown,8,,1/11/2018,22-008,BOS,Home,MIL,W (+4),Inactive,Inactive,Inactive,Inactive,Inactive,Inactive,Inactive,Inactive,Inactive,Inactive,Inactive,Inactive,Inactive,Inactive,Inactive,Inactive,Inactive,Inactive,Inactive,Inactive,Inactive,Inactive
Jaylen Brown,9,8,3/11/2018,22-010,BOS,Away,IND,L (-1),1,31:06:00,5,14,0.357,1,5,0.2,1,2,0.5,2,5,7,0,0,2,2,1,12,5.7,-12
Jaylen Brown,10,9,5/11/2018,22-012,BOS,Away,DEN,L (-8),1,28:49:00,7,14,0.5,1,4,0.25,0,0,,1,3,4,0,1,0,0,1,15,10.2,8
Jaylen Brown,11,10,8/11/2018,22-015,BOS,Away,PHO,W (+7),1,38:37:00,6,13,0.462,1,3,0.333,4,6,0.667,1,5,6,1,0,0,2,2,17,9.6,8
Jaylen Brown,12,11,9/11/2018,22-016,BOS,Away,UTA,L (-8),1,29:54:00,4,17,0.235,1,7,0.143,0,0,,1,3,4,1,0,1,0,4,9,0.1,-17
Jaylen Brown,13,12,11/11/2018,22-018,BOS,Away,POR,L (-6),1,28:37:00,2,7,0.286,1,4,0.25,2,2,1,0,1,1,0,1,0,2,3,7,1,-10
Jaylen Brown,14,13,14/11/2018,22-021,BOS,Home,CHI,W (+29),1,25:23:00,8,14,0.571,2,4,0.5,0,0,,0,6,6,3,1,0,3,1,18,12.9,12
Jaylen Brown,15,14,16/11/2018,22-023,BOS,Home,TOR,W (+7),1,25:20:00,3,11,0.273,1,5,0.2,0,0,,3,1,4,0,0,1,2,2,7,0.8,3
Jaylen Brown,16,15,17/11/2018,22-024,BOS,Home,UTA,L (-12),1,24:43:00,1,9,0.111,1,6,0.167,0,0,,2,1,3,1,0,0,0,2,3,-1.3,-7
Jaylen Brown,17,16,19/11/2018,22-026,BOS,Away,CHO,L (-5),1,19:25,4,6,0.667,1,3,0.333,1,2,0.5,0,2,2,2,0,1,0,2,10,8.9,5
Jaylen Brown,18,17,21/11/2018,22-028,BOS,Home,NYK,L (-8),1,25:58:00,4,10,0.4,0,3,0,3,6,0.5,1,4,5,0,2,2,2,2,11,6.9,-15
Jaylen Brown,19,18,23/11/2018,22-030,BOS,Away,ATL,W (+18),1,21:18,4,7,0.571,0,3,0,2,4,0.5,1,1,2,3,2,0,2,2,10,8.2,
Jaylen Brown,1,1,17/10/2017,20-358,BOS,Away,CLE,L (-3),1,39:36:00,11,23,0.478,2,9,0.222,1,2,0.5,1,5,6,0,2,0,3,5,25,12.1,-5
Jaylen Brown,2,2,18/10/2017,20-359,BOS,Home,MIL,L (-8),1,28:09:00,6,11,0.545,2,3,0.667,4,5,0.8,1,4,5,3,0,0,0,6,18,13.9,0
Jaylen Brown,3,3,20/10/2017,20-361,BOS,Away,PHI,W (+10),1,36:56:00,4,13,0.308,1,4,0.25,0,3,0,0,8,8,0,2,0,0,2,9,3.9,15
Jaylen Brown,4,4,24/10/2017,21-000,BOS,Home,NYK,W (+21),1,32:07:00,9,16,0.563,3,6,0.5,2,3,0.667,0,4,4,0,1,1,0,4,23,16.3,11
Jaylen Brown,5,5,26/10/2017,21-002,BOS,Away,MIL,W (+7),1,34:17:00,2,10,0.2,2,6,0.333,3,6,0.5,3,6,9,0,1,1,1,1,9,5.8,5
Jaylen Brown,6,6,28/10/2017,21-004,BOS,Away,MIA,W (+6),1,31:48:00,1,7,0.143,0,2,0,4,6,0.667,1,4,5,1,0,0,4,2,6,-1.5,16
Jaylen Brown,7,7,30/10/2017,21-006,BOS,Home,SAS,W (+14),1,30:09:00,6,11,0.545,1,3,0.333,5,5,1,0,4,4,2,1,0,2,2,18,13.5,19
Jaylen Brown,8,8,1/11/2017,21-008,BOS,Home,SAC,W (+27),1,24:41:00,7,8,0.875,5,6,0.833,3,5,0.6,0,6,6,1,0,0,1,2,22,19.1,16
Jaylen Brown,9,9,3/11/2017,21-010,BOS,Away,OKC,W (+7),1,30:38:00,3,8,0.375,1,3,0.333,3,8,0.375,3,9,12,1,1,0,0,1,10,9.7,4
Jaylen Brown,10,10,5/11/2017,21-012,BOS,Away,ORL,W (+16),1,27:58:00,7,13,0.538,3,5,0.6,1,3,0.333,2,5,7,1,2,0,3,2,18,12.7,1
Jaylen Brown,11,11,6/11/2017,21-013,BOS,Away,ATL,W (+3),1,30:35:00,4,10,0.4,1,5,0.2,2,2,1,1,3,4,1,0,0,2,4,11,4.3,-2
Jaylen Brown,12,12,8/11/2017,21-015,BOS,Home,LAL,W (+11),1,32:51:00,3,11,0.273,0,3,0,3,4,0.75,2,9,11,2,1,0,2,1,9,6.2,11
Jaylen Brown,13,13,10/11/2017,21-017,BOS,Home,CHO,W (+3),1,35:34:00,3,14,0.214,1,5,0.2,3,4,0.75,2,11,13,0,1,1,2,3,10,4.2,9
Jaylen Brown,14,14,12/11/2017,21-019,BOS,Home,TOR,W (+1),1,32:35:00,8,15,0.533,2,3,0.667,0,0,,3,0,3,3,2,0,2,3,18,13.7,6
Jaylen Brown,15,15,14/11/2017,21-021,BOS,Away,BRK,W (+7),1,31:27:00,5,9,0.556,1,4,0.25,3,4,0.75,0,4,4,3,3,0,2,2,14,12.8,24
Jaylen Brown,16,16,16/11/2017,21-023,BOS,Home,GSW,W (+4),1,34:06:00,7,18,0.389,3,8,0.375,5,6,0.833,3,4,7,0,2,2,0,3,22,17.3,8
Jaylen Brown,17,17,18/11/2017,21-025,BOS,Away,ATL,W (+11),1,35:29:00,10,13,0.769,4,6,0.667,3,7,0.429,0,4,4,0,1,0,1,4,27,19.9,8
Jaylen Brown,18,18,20/11/2017,21-027,BOS,Away,DAL,W (+8),1,37:06:00,8,13,0.615,3,6,0.5,3,6,0.5,0,9,9,0,1,0,3,2,22,14.8,6
Jaylen Brown,19,19,22/11/2017,21-029,BOS,Away,MIA,L (-6),1,30:58:00,6,10,0.6,2,3,0.667,0,0,,0,3,3,1,1,0,3,6,14,6.6,+
Gordon Hayward,1,1,16/10/2018,28-207,BOS,Home,PHI,W (+18),1,24:37:00,4,12,0.333,1,3,0.333,1,2,0.5,2,3,5,0,4,0,0,1,10,8.7,10
Gordon Hayward,2,2,19/10/2018,28-210,BOS,Away,TOR,L (-12),1,24:17:00,6,13,0.462,1,3,0.333,1,1,1,2,5,7,2,1,0,1,0,14,11.6,-11
Gordon Hayward,3,,20/10/2018,28-211,BOS,Away,NYK,W (+2),Inactive,Inactive,Inactive,Inactive,Inactive,Inactive,Inactive,Inactive,Inactive,Inactive,Inactive,Inactive,Inactive,Inactive,Inactive,Inactive,Inactive,Inactive,Inactive,Inactive,Inactive,Inactive
Gordon Hayward,4,3,22/10/2018,28-213,BOS,Home,ORL,L (-3),1,24:56:00,4,8,0.5,3,5,0.6,0,0,,0,4,4,3,1,0,2,3,11,8.1,-1
Gordon Hayward,5,4,25/10/2018,28-216,BOS,Away,OKC,W (+6),1,23:41,1,5,0.2,1,4,0.25,2,4,0.5,0,7,7,1,0,0,2,3,5,0.7,-13
Gordon Hayward,6,5,27/10/2018,28-218,BOS,Away,DET,W (+20),1,23:41,6,11,0.545,2,5,0.4,1,3,0.333,0,5,5,1,1,0,3,3,15,7.9,18
Gordon Hayward,7,6,30/10/2018,28-221,BOS,Home,DET,W (+3),1,25:53:00,3,10,0.3,0,2,0,0,0,,1,3,4,3,0,0,1,0,6,2.9,-1
Gordon Hayward,8,7,1/11/2018,28-223,BOS,Home,MIL,W (+4),1,26:38:00,6,11,0.545,3,5,0.6,3,3,1,2,2,4,5,0,1,1,1,18,17.5,4
Gordon Hayward,9,8,3/11/2018,28-225,BOS,Away,IND,L (-1),1,25:42:00,2,10,0.2,0,5,0,0,0,,2,5,7,3,1,2,1,3,4,3,-9
Gordon Hayward,10,9,5/11/2018,28-227,BOS,Away,DEN,L (-8),1,25:52:00,3,7,0.429,0,2,0,2,2,1,1,8,9,2,0,0,1,2,8,7,4
Gordon Hayward,11,10,8/11/2018,28-230,BOS,Away,PHO,W (+7),1,24:54:00,3,8,0.375,2,5,0.4,0,0,,0,4,4,2,0,0,0,1,8,5.8,0
Gordon Hayward,12,11,9/11/2018,28-231,BOS,Away,UTA,L (-8),1,25:40:00,3,9,0.333,1,5,0.2,6,6,1,0,1,1,7,1,0,1,3,13,11.9,-8
Gordon Hayward,13,12,11/11/2018,28-233,BOS,Away,POR,L (-6),1,31:04:00,3,7,0.429,1,3,0.333,0,0,,1,8,9,5,1,0,1,1,7,9.5,-5
Gordon Hayward,14,13,14/11/2018,28-236,BOS,Home,CHI,W (+29),1,28:44:00,4,12,0.333,1,4,0.25,2,3,0.667,2,2,4,4,3,0,1,1,11,10.2,24
Gordon Hayward,15,14,16/11/2018,28-238,BOS,Home,TOR,W (+7),1,39:03:00,4,8,0.5,1,4,0.25,6,6,1,1,4,5,5,4,0,2,3,15,17.2,18
Gordon Hayward,16,15,17/11/2018,28-239,BOS,Home,UTA,L (-12),1,26:04:00,3,7,0.429,0,2,0,1,1,1,1,3,4,3,2,0,3,0,7,6,-11
Gordon Hayward,17,16,19/11/2018,28-241,BOS,Away,CHO,L (-5),0,30:49:00,1,6,0.167,0,3,0,2,2,1,2,6,8,4,2,0,2,0,4,6.2,-2
Gordon Hayward,18,17,21/11/2018,28-243,BOS,Home,NYK,L (-8),0,31:35:00,6,14,0.429,2,7,0.286,5,5,1,0,7,7,3,2,0,1,1,19,16.4,10
Gordon Hayward,19,18,23/11/2018,28-245,BOS,Away,ATL,W (+18),0,22:03,4,7,0.571,1,3,0.333,2,2,1,0,5,5,4,0,2,1,2,11,11.6,2
Gordon Hayward,1,1,17/10/2017,27-208,BOS,Away,CLE,L (-3),1,5:15,1,2,0.5,0,1,0,0,0,,0,1,1,,,,,,,,
Marcus Smart,1,1,16/10/2018,24-224,BOS,Home,PHI,W (+18),0,25:01:00,2,4,0.5,2,4,0.5,1,2,0.5,0,3,3,3,0,0,2,2,7,4.8,3
Marcus Smart,2,2,19/10/2018,24-227,BOS,Away,TOR,L (-12),0,21:52,1,6,0.167,0,2,0,0,0,,0,2,2,6,0,1,0,3,2,2.5,-2
Marcus Smart,3,3,20/10/2018,24-228,BOS,Away,NYK,W (+2),0,28:01:00,2,5,0.4,0,2,0,4,6,0.667,2,2,4,5,2,0,3,4,8,7.4,7
Marcus Smart,4,4,22/10/2018,24-230,BOS,Home,ORL,L (-3),0,19:20,4,8,0.5,1,4,0.25,0,0,,2,0,2,0,3,0,2,1,9,7,5
Marcus Smart,5,5,25/10/2018,24-233,BOS,Away,OKC,W (+6),0,21:23,1,4,0.25,0,3,0,0,0,,0,0,0,3,0,0,0,2,2,0.9,13
Marcus Smart,6,6,27/10/2018,24-235,BOS,Away,DET,W (+20),0,23:20,1,3,0.333,0,0,,3,3,1,0,4,4,9,0,1,1,3,5,9.3,17
Marcus Smart,7,7,30/10/2018,24-238,BOS,Home,DET,W (+3),0,19:02,0,2,0,0,2,0,3,4,0.75,0,4,4,2,2,0,2,3,3,2.6,1
Marcus Smart,8,8,1/11/2018,24-240,BOS,Home,MIL,W (+4),0,27:56:00,1,4,0.25,0,3,0,0,0,,1,3,4,0,1,1,1,4,2,0.3,-6
Marcus Smart,9,9,3/11/2018,24-242,BOS,Away,IND,L (-1),0,23:08,1,7,0.143,1,4,0.25,0,0,,0,0,0,9,3,0,2,4,3,4.2,12
Marcus Smart,10,10,5/11/2018,24-244,BOS,Away,DEN,L (-8),0,25:05:00,3,5,0.6,1,3,0.333,2,2,1,1,2,3,3,2,4,2,2,9,12.1,-10
Marcus Smart,11,11,8/11/2018,24-247,BOS,Away,PHO,W (+7),0,26:59:00,1,4,0.25,1,3,0.333,4,6,0.667,0,4,4,2,2,0,3,3,7,4.2,-2
Marcus Smart,12,12,9/11/2018,24-248,BOS,Away,UTA,L (-8),0,33:13:00,4,9,0.444,4,9,0.444,1,2,0.5,1,2,3,10,2,0,1,2,13,16.4,10
Marcus Smart,13,13,11/11/2018,24-250,BOS,Away,POR,L (-6),0,21:46,0,3,0,0,1,0,0,0,,2,2,4,4,0,1,0,2,0,2.6,1
Marcus Smart,14,14,14/11/2018,24-253,BOS,Home,CHI,W (+29),0,18:04,3,6,0.5,2,4,0.5,0,0,,0,1,1,2,1,0,2,3,8,4.5,8
Marcus Smart,15,15,16/11/2018,24-255,BOS,Home,TOR,W (+7),0,18:38,2,5,0.4,0,2,0,1,1,1,0,5,5,1,0,0,4,3,5,-0.7,-17
Marcus Smart,16,16,17/11/2018,24-256,BOS,Home,UTA,L (-12),0,16:38,2,4,0.5,0,1,0,1,1,1,0,2,2,3,1,1,1,2,5,5.6,-13
Marcus Smart,17,17,19/11/2018,24-258,BOS,Away,CHO,L (-5),0,26:19:00,4,7,0.571,4,6,0.667,2,2,1,0,1,1,2,2,0,0,3,14,13.2,-12
Marcus Smart,18,18,21/11/2018,24-260,BOS,Home,NYK,L (-8),0,19:56,1,4,0.25,0,2,0,0,2,0,3,2,5,4,1,0,1,1,2,3.9,-13
Marcus Smart,19,19,23/11/2018,24-262,BOS,Away,ATL,W (+18),0,23:13,1,6,0.167,0,3,0,2,2,1,0,1,1,7,3,1,1,3,4,6.9,15
Marcus Smart,1,1,17/10/2017,23-225,BOS,Away,CLE,L (-3),0,35:03:00,5,16,0.313,0,4,0,2,3,0.667,0,9,9,3,2,2,2,2,12,7.8,-8
Marcus Smart,2,2,18/10/2017,23-226,BOS,Home,MIL,L (-8),1,32:20:00,4,13,0.308,3,7,0.429,1,6,0.167,3,4,7,4,3,0,3,4,12,7,-4
Marcus Smart,3,,20/10/2017,23-228,BOS,Away,PHI,W (+10),Inactive,Inactive,Inactive,Inactive,Inactive,Inactive,Inactive,Inactive,Inactive,Inactive,Inactive,Inactive,Inactive,Inactive,Inactive,Inactive,Inactive,Inactive,Inactive,Inactive,Inactive,Inactive
Marcus Smart,4,,24/10/2017,23-232,BOS,Home,NYK,W (+21),Inactive,Inactive,Inactive,Inactive,Inactive,Inactive,Inactive,Inactive,Inactive,Inactive,Inactive,Inactive,Inactive,Inactive,Inactive,Inactive,Inactive,Inactive,Inactive,Inactive,Inactive,Inactive
Marcus Smart,5,3,26/10/2017,23-234,BOS,Away,MIL,W (+7),0,26:52:00,2,10,0.2,2,6,0.333,2,2,1,0,1,1,4,1,0,2,1,8,3.5,7
Marcus Smart,6,4,28/10/2017,23-236,BOS,Away,MIA,W (+6),0,26:52:00,6,12,0.5,2,6,0.333,2,2,1,2,2,4,4,2,0,2,1,16,14.4,-2
Marcus Smart,7,5,30/10/2017,23-238,BOS,Home,SAS,W (+14),0,29:58:00,3,10,0.3,1,4,0.25,2,3,0.667,1,2,3,7,1,0,2,4,9,6.4,7
Marcus Smart,8,6,1/11/2017,23-240,BOS,Home,SAC,W (+27),0,25:36:00,0,3,0,0,1,0,2,2,1,1,1,2,8,1,0,2,3,2,4.3,20
Marcus Smart,9,7,3/11/2017,23-242,BOS,Away,OKC,W (+7),0,27:24:00,2,9,0.222,1,3,0.333,4,4,1,2,2,4,5,1,0,2,2,9,7.2,6
Marcus Smart,10,8,5/11/2017,23-244,BOS,Away,ORL,W (+16),0,28:43:00,4,12,0.333,2,6,0.333,1,1,1,1,7,8,8,3,1,2,2,11,13.5,32
Marcus Smart,11,9,6/11/2017,23-245,BOS,Away,ATL,W (+3),0,28:49:00,2,5,0.4,1,2,0.5,4,5,0.8,2,2,4,5,2,0,4,4,9,7.8,12
Marcus Smart,12,10,8/11/2017,23-247,BOS,Home,LAL,W (+11),0,35:07:00,3,11,0.273,2,4,0.5,1,2,0.5,2,2,4,6,1,1,1,2,9,8.2,16
Marcus Smart,13,11,10/11/2017,23-249,BOS,Home,CHO,W (+3),0,34:14:00,3,16,0.188,0,7,0,2,3,0.667,0,1,1,7,1,0,2,1,8,1.4,-6
Marcus Smart,14,12,12/11/2017,23-251,BOS,Home,TOR,W (+1),1,32:20:00,3,10,0.3,2,5,0.4,6,6,1,1,4,5,9,2,0,2,3,14,15.2,11
Marcus Smart,15,13,14/11/2017,23-253,BOS,Away,BRK,W (+7),0,34:36:00,1,8,0.125,0,3,0,4,4,1,3,2,5,2,0,0,3,4,6,0.3,6
Marcus Smart,16,14,16/11/2017,23-255,BOS,Home,GSW,W (+4),0,30:35:00,0,7,0,0,3,0,1,2,0.5,0,7,7,3,2,1,3,3,1,-1.6,15
Marcus Smart,17,15,18/11/2017,23-257,BOS,Away,ATL,W (+11),0,26:50:00,3,8,0.375,2,5,0.4,2,2,1,1,3,4,2,0,1,1,0,10,8.3,7
Marcus Smart,18,16,20/11/2017,23-259,BOS,Away,DAL,W (+8),0,34:53:00,3,15,0.2,2,11,0.182,4,4,1,1,2,3,8,2,0,3,4,12,7,15
Marcus Smart,19,17,22/11/2017,23-261,BOS,Away,MIA,L (-6),0,34:22:00,3,9,0.333,0,2,0,1,2,0.5,0,3,3,4,0,1,0,3,7,4.7,
Terry Rozier,1,1,16/10/2018,24-213,BOS,Home,PHI,W (+18),0,26:31:00,5,10,0.5,1,2,0.5,0,0,,0,8,8,1,0,1,1,0,11,8.8,22
Terry Rozier,2,2,19/10/2018,24-216,BOS,Away,TOR,L (-12),0,23:13,2,7,0.286,2,3,0.667,2,2,1,2,3,5,3,1,0,0,4,8,7.7,-4
Terry Rozier,3,3,20/10/2018,24-217,BOS,Away,NYK,W (+2),0,22:54,4,8,0.5,2,4,0.5,0,0,,0,1,1,2,0,0,1,3,10,5.5,0
Terry Rozier,4,4,22/10/2018,24-219,BOS,Home,ORL,L (-3),0,15:29,2,9,0.222,1,5,0.2,0,0,,0,2,2,1,0,0,0,0,5,0.8,9
Terry Rozier,5,5,25/10/2018,24-222,BOS,Away,OKC,W (+6),0,24:57:00,2,5,0.4,0,2,0,0,0,,0,3,3,4,4,0,0,1,4,8.6,3
Terry Rozier,6,6,27/10/2018,24-224,BOS,Away,DET,W (+20),0,27:21:00,4,8,0.5,2,3,0.667,4,4,1,0,8,8,2,0,0,0,2,14,13,15
Terry Rozier,7,7,30/10/2018,24-227,BOS,Home,DET,W (+3),0,19:28,1,4,0.25,0,1,0,1,2,0.5,0,1,1,2,2,1,1,0,3,3.6,5
Terry Rozier,8,8,1/11/2018,24-229,BOS,Home,MIL,W (+4),0,26:08:00,3,11,0.273,1,4,0.25,0,0,,0,7,7,3,0,2,1,4,7,3.5,-12
Terry Rozier,9,9,3/11/2018,24-231,BOS,Away,IND,L (-1),0,18:56,2,5,0.4,2,4,0.5,1,2,0.5,0,6,6,3,0,0,1,0,7,6.8,-9
Terry Rozier,10,10,5/11/2018,24-233,BOS,Away,DEN,L (-8),0,22:21,2,9,0.222,2,5,0.4,0,0,,0,3,3,0,1,1,1,2,6,1.3,-13
Terry Rozier,11,11,8/11/2018,24-236,BOS,Away,PHO,W (+7),0,20:35,3,8,0.375,1,3,0.333,3,4,0.75,2,4,6,1,0,0,1,1,10,7.1,-6
Terry Rozier,12,12,9/11/2018,24-237,BOS,Away,UTA,L (-8),1,36:09:00,7,13,0.538,5,8,0.625,3,3,1,1,5,6,3,0,0,0,1,22,19.6,-18
Terry Rozier,13,13,11/11/2018,24-239,BOS,Away,POR,L (-6),0,18:41,3,7,0.429,1,3,0.333,0,0,,0,0,0,1,0,0,0,2,7,3.2,3
Terry Rozier,14,14,14/11/2018,24-242,BOS,Home,CHI,W (+29),0,29:37:00,5,15,0.333,0,5,0,2,2,1,0,4,4,2,1,0,0,1,12,6.7,19
Terry Rozier,15,15,16/11/2018,24-244,BOS,Home,TOR,W (+7),0,19:50,2,6,0.333,0,1,0,0,0,,0,3,3,1,0,0,1,0,4,1.2,-4
Terry Rozier,16,16,17/11/2018,24-245,BOS,Home,UTA,L (-12),0,20:56,2,9,0.222,0,6,0,0,3,0,1,6,7,3,0,0,1,1,4,0.5,4
Terry Rozier,17,17,19/11/2018,24-247,BOS,Away,CHO,L (-5),0,19:27,3,6,0.5,2,4,0.5,0,0,,1,3,4,4,2,0,1,4,8,8.8,6
Terry Rozier,18,18,21/11/2018,24-249,BOS,Home,NYK,L (-8),0,15:52,0,4,0,0,1,0,0,0,,0,1,1,0,0,0,1,1,0,-3.9,-15
Terry Rozier,19,19,23/11/2018,24-251,BOS,Away,ATL,W (+18),0,25:04:00,5,11,0.455,2,4,0.5,0,0,,0,3,3,3,3,0,1,3,12,10.1,8
Terry Rozier,1,1,17/10/2017,23-214,BOS,Away,CLE,L (-3),0,19:32,2,6,0.333,1,3,0.333,4,4,1,0,3,3,2,4,0,0,0,9,11.9,4
Terry Rozier,2,2,18/10/2017,23-215,BOS,Home,MIL,L (-8),0,26:48:00,6,12,0.5,3,5,0.6,0,0,,0,7,7,6,2,0,0,4,15,15.7,-11
Terry Rozier,3,3,20/10/2017,23-217,BOS,Away,PHI,W (+10),0,30:28:00,6,11,0.545,2,6,0.333,0,3,0,1,6,7,2,0,0,2,2,14,8.6,6
Terry Rozier,4,4,24/10/2017,23-221,BOS,Home,NYK,W (+21),0,30:51:00,2,7,0.286,2,4,0.5,2,2,1,0,6,6,6,2,0,1,0,8,10.9,24
Terry Rozier,5,5,26/10/2017,23-223,BOS,Away,MIL,W (+7),0,20:55,2,9,0.222,0,3,0,0,0,,1,6,7,0,2,0,0,0,4,3,1
Terry Rozier,6,6,28/10/2017,23-225,BOS,Away,MIA,W (+6),0,25:15:00,2,9,0.222,0,3,0,0,0,,0,4,4,0,1,0,0,0,4,0.7,-1
Terry Rozier,7,7,30/10/2017,23-227,BOS,Home,SAS,W (+14),0,18:06,5,13,0.385,2,5,0.4,0,0,,2,2,4,0,2,0,0,3,12,7.7,-3
Terry Rozier,8,8,1/11/2017,23-229,BOS,Home,SAC,W (+27),0,18:59,4,9,0.444,2,7,0.286,2,2,1,0,2,2,3,2,0,1,2,12,10.2,6
Terry Rozier,9,9,3/11/2017,23-231,BOS,Away,OKC,W (+7),0,23:05,3,8,0.375,1,5,0.2,0,0,,0,2,2,3,0,0,0,1,7,4.9,-5
Terry Rozier,10,10,5/11/2017,23-233,BOS,Away,ORL,W (+16),0,26:50:00,2,9,0.222,0,3,0,2,2,1,2,5,7,2,0,0,1,1,6,3.4,22
Terry Rozier,11,11,6/11/2017,23-234,BOS,Away,ATL,W (+3),0,21:30,3,8,0.375,2,5,0.4,0,0,,0,5,5,3,0,0,2,1,8,4.8,-12
Terry Rozier,12,12,8/11/2017,23-236,BOS,Home,LAL,W (+11),0,27:43:00,5,12,0.417,2,5,0.4,2,2,1,3,5,8,0,0,1,0,2,14,11.1,0
Terry Rozier,13,13,10/11/2017,23-238,BOS,Home,CHO,W (+3),0,28:36:00,3,12,0.25,2,5,0.4,7,8,0.875,0,7,7,4,2,0,2,3,15,11.1,6
Terry Rozier,14,14,12/11/2017,23-240,BOS,Home,TOR,W (+1),0,28:24:00,6,15,0.4,3,7,0.429,1,1,1,1,5,6,3,1,0,1,1,16,11.8,-2
Terry Rozier,15,15,14/11/2017,23-242,BOS,Away,BRK,W (+7),0,20:51,0,5,0,0,2,0,0,0,,1,1,2,0,0,0,0,0,0,-2.5,-4
Terry Rozier,16,16,16/11/2017,23-244,BOS,Home,GSW,W (+4),0,21:18,1,5,0.2,1,4,0.25,2,3,0.667,1,1,2,2,0,0,2,1,5,1.5,6
Terry Rozier,17,17,18/11/2017,23-246,BOS,Away,ATL,W (+11),0,25:05:00,2,7,0.286,2,5,0.4,0,0,,1,4,5,3,1,0,0,1,6,6.5,11
Terry Rozier,18,18,20/11/2017,23-248,BOS,Away,DAL,W (+8),0,13:41,1,4,0.25,1,3,0.333,0,0,,0,2,2,0,0,0,2,1,3,-1.2,-13
Terry Rozier,19,19,22/11/2017,23-250,BOS,Away,MIA,L (-6),0,18:15,2,8,0.25,2,6,0.333,2,2,1,2,4,6,1,3,0,2,2,8,6.7,1
Aron Baynes,1,1,16/10/2018,31-311,BOS,Home,PHI,W (+18),0,19:14,3,7,0.429,2,4,0.5,0,0,,3,1,4,3,0,0,1,3,8,6.6,8
Aron Baynes,2,2,19/10/2018,31-314,BOS,Away,TOR,L (-12),0,14:34,2,8,0.25,0,2,0,1,2,0.5,4,2,6,0,0,1,1,1,5,2.5,-2
Aron Baynes,3,3,20/10/2018,31-315,BOS,Away,NYK,W (+2),1,11:39,3,5,0.6,1,2,0.5,3,3,1,3,2,5,0,0,0,0,1,10,10,15
Aron Baynes,4,,22/10/2018,31-317,BOS,Home,ORL,L (-3),Inactive,Inactive,Inactive,Inactive,Inactive,Inactive,Inactive,Inactive,Inactive,Inactive,Inactive,Inactive,Inactive,Inactive,Inactive,Inactive,Inactive,Inactive,Inactive,Inactive,Inactive,Inactive
Aron Baynes,5,,25/10/2018,31-320,BOS,Away,OKC,W (+6),Inactive,Inactive,Inactive,Inactive,Inactive,Inactive,Inactive,Inactive,Inactive,Inactive,Inactive,Inactive,Inactive,Inactive,Inactive,Inactive,Inactive,Inactive,Inactive,Inactive,Inactive,Inactive
Aron Baynes,6,,27/10/2018,31-322,BOS,Away,DET,W (+20),Inactive,Inactive,Inactive,Inactive,Inactive,Inactive,Inactive,Inactive,Inactive,Inactive,Inactive,Inactive,Inactive,Inactive,Inactive,Inactive,Inactive,Inactive,Inactive,Inactive,Inactive,Inactive
Aron Baynes,7,4,30/10/2018,31-325,BOS,Home,DET,W (+3),0,12:09,3,5,0.6,1,2,0.5,2,2,1,0,5,5,1,0,0,0,4,9,7.3,9
Aron Baynes,8,5,1/11/2018,31-327,BOS,Home,MIL,W (+4),0,15:34,1,5,0.2,1,5,0.2,2,4,0.5,0,3,3,2,0,0,0,1,5,3,-4
Aron Baynes,9,6,3/11/2018,31-329,BOS,Away,IND,L (-1),0,19:21,2,3,0.667,2,3,0.667,0,0,,0,1,1,0,0,0,0,4,6,3.4,3
Aron Baynes,10,7,5/11/2018,31-331,BOS,Away,DEN,L (-8),0,10:33,1,2,0.5,0,1,0,0,0,,0,2,2,1,0,1,0,3,2,1.8,-7
Aron Baynes,11,8,8/11/2018,31-334,BOS,Away,PHO,W (+7),0,7:59,1,6,0.167,0,1,0,2,2,1,4,0,4,0,0,0,1,0,4,2,-11
Aron Baynes,12,9,9/11/2018,31-335,BOS,Away,UTA,L (-8),0,14:55,2,3,0.667,0,1,0,1,1,1,1,1,2,1,0,0,1,1,5,4,3
Aron Baynes,13,10,11/11/2018,31-337,BOS,Away,POR,L (-6),0,8:50,1,1,1,0,0,,0,0,,0,2,2,0,1,0,1,1,2,1.9,-16
Aron Baynes,14,11,14/11/2018,31-340,BOS,Home,CHI,W (+29),0,18:35,3,9,0.333,2,5,0.4,1,1,1,2,9,11,3,1,2,0,1,9,12.1,19
Aron Baynes,15,12,16/11/2018,31-342,BOS,Home,TOR,W (+7),0,17:46,1,3,0.333,0,0,,4,4,1,2,2,4,4,0,1,0,3,6,8.6,12
Aron Baynes,16,13,17/11/2018,31-343,BOS,Home,UTA,L (-12),0,14:21,2,5,0.4,1,1,1,0,0,,3,2,5,1,1,1,1,3,5,5.2,-4
Aron Baynes,17,14,19/11/2018,31-345,BOS,Away,CHO,L (-5),1,7:22,1,4,0.25,0,1,0,0,0,,1,1,2,0,0,1,1,3,2,-0.9,-7
Aron Baynes,18,15,21/11/2018,31-347,BOS,Home,NYK,L (-8),1,11:45,0,2,0,0,2,0,0,0,,0,1,1,1,0,2,0,2,0,0.2,-2
Aron Baynes,19,16,23/11/2018,31-349,BOS,Away,ATL,W (+18),1,23:02,5,7,0.714,1,1,1,5,5,1,3,6,9,4,0,1,2,4,16,16.9,16
Aron Baynes,1,1,17/10/2017,30-312,BOS,Away,CLE,L (-3),0,19:06,2,2,1,0,0,,2,4,0.5,2,3,5,1,0,1,2,5,6,4.3,-14
Aron Baynes,2,2,18/10/2017,30-313,BOS,Home,MIL,L (-8),0,15:58,2,3,0.667,0,0,,0,0,,1,1,2,0,0,0,0,4,4,2.1,-7
Aron Baynes,3,3,20/10/2017,30-315,BOS,Away,PHI,W (+10),1,13:40,5,8,0.625,0,0,,0,1,0,5,3,8,2,0,0,1,5,10,8.8,-3
Aron Baynes,4,4,24/10/2017,30-319,BOS,Home,NYK,W (+21),1,22:16,1,3,0.333,0,0,,1,2,0.5,1,3,4,1,1,1,0,2,3,4.1,10
Aron Baynes,5,5,26/10/2017,30-321,BOS,Away,MIL,W (+7),0,23:40,3,6,0.5,0,0,,6,6,1,0,7,7,1,0,0,2,2,12,9,12
Aron Baynes,6,6,28/10/2017,30-323,BOS,Away,MIA,W (+6),1,24:29:00,2,3,0.667,0,0,,2,2,1,2,3,5,1,1,4,1,2,6,9.7,7
Aron Baynes,7,7,30/10/2017,30-325,BOS,Home,SAS,W (+14),1,16:29,3,6,0.5,0,0,,0,0,,2,3,5,1,1,1,1,1,6,6.3,6
Aron Baynes,8,8,1/11/2017,30-327,BOS,Home,SAC,W (+27),1,22:43,2,6,0.333,0,0,,0,0,,4,5,9,2,0,0,1,2,4,4.5,13
Aron Baynes,9,9,3/11/2017,30-329,BOS,Away,OKC,W (+7),1,20:30,2,7,0.286,0,0,,1,2,0.5,1,5,6,0,0,1,0,2,5,2.6,-7
Aron Baynes,10,10,5/11/2017,30-331,BOS,Away,ORL,W (+16),0,15:41,3,5,0.6,0,0,,0,0,,2,5,7,0,0,0,0,1,6,6.2,10
Aron Baynes,11,11,6/11/2017,30-332,BOS,Away,ATL,W (+3),1,14:37,1,5,0.2,0,1,0,0,0,,0,3,3,0,0,0,0,0,2,-0.2,-6
Aron Baynes,12,12,8/11/2017,30-334,BOS,Home,LAL,W (+11),1,22:53,8,12,0.667,0,0,,5,8,0.625,5,3,8,3,0,0,2,4,21,17.5,-3
Aron Baynes,13,13,10/11/2017,30-336,BOS,Home,CHO,W (+3),1,25:58:00,2,5,0.4,0,0,,0,0,,4,3,7,2,1,3,2,2,4,6.7,-1
Aron Baynes,14,14,12/11/2017,30-338,BOS,Home,TOR,W (+1),1,20:29,1,6,0.167,0,0,,1,2,0.5,4,4,8,1,0,0,0,1,3,3.1,9
Aron Baynes,15,15,14/11/2017,30-340,BOS,Away,BRK,W (+7),0,12:28,0,4,0,0,1,0,0,2,0,1,1,2,1,0,1,1,1,0,-2.6,-4
Aron Baynes,16,16,16/11/2017,30-342,BOS,Home,GSW,W (+4),0,12:12,1,4,0.25,0,0,,2,2,1,0,5,5,1,1,0,1,0,4,3.8,11
Aron Baynes,17,17,18/11/2017,30-344,BOS,Away,ATL,W (+11),0,12:55,1,3,0.333,0,0,,0,0,,2,2,4,0,0,1,3,4,2,-1.6,9
Aron Baynes,18,18,20/11/2017,30-346,BOS,Away,DAL,W (+8),0,13:24,0,1,0,0,0,,0,0,,1,3,4,0,1,0,0,4,0,0.3,1
Aron Baynes,19,19,22/11/2017,30-348,BOS,Away,MIA,L (-6),1,12:11,1,3,0.333,0,0,,0,0,,0,2,2,0,1,0,1,2,2,0.1,-3
Daniel Theis,1,1,16/10/2018,26-195,BOS,Home,PHI,W (+18),0,4:08,0,0,,0,0,,0,0,,0,1,1,0,0,0,0,1,0,-0.1,3
Daniel Theis,2,,19/10/2018,26-198,BOS,Away,TOR,L (-12),Did Not Play,Did Not Play,Did Not Play,Did Not Play,Did Not Play,Did Not Play,Did Not Play,Did Not Play,Did Not Play,Did Not Play,Did Not Play,Did Not Play,Did Not Play,Did Not Play,Did Not Play,Did Not Play,Did Not Play,Did Not Play,Did Not Play,Did Not Play,Did Not Play,Did Not Play
Daniel Theis,3,2,20/10/2018,26-199,BOS,Away,NYK,W (+2),0,14:03,1,4,0.25,0,1,0,0,0,,1,0,1,2,0,1,0,3,2,1.2,-5
Daniel Theis,4,3,22/10/2018,26-201,BOS,Home,ORL,L (-3),0,15:04,3,5,0.6,0,0,,1,1,1,2,4,6,1,0,0,2,3,7,4.8,6
Daniel Theis,5,4,25/10/2018,26-204,BOS,Away,OKC,W (+6),0,8:42,2,5,0.4,0,1,0,0,0,,1,0,1,0,0,0,0,2,4,1.2,-1
Daniel Theis,6,5,27/10/2018,26-206,BOS,Away,DET,W (+20),0,19:19,7,9,0.778,2,3,0.667,1,2,0.5,3,5,8,1,0,0,2,4,17,13.8,20
Daniel Theis,7,,30/10/2018,26-209,BOS,Home,DET,W (+3),Inactive,Inactive,Inactive,Inactive,Inactive,Inactive,Inactive,Inactive,Inactive,Inactive,Inactive,Inactive,Inactive,Inactive,Inactive,Inactive,Inactive,Inactive,Inactive,Inactive,Inactive,Inactive
Daniel Theis,8,,1/11/2018,26-211,BOS,Home,MIL,W (+4),Inactive,Inactive,Inactive,Inactive,Inactive,Inactive,Inactive,Inactive,Inactive,Inactive,Inactive,Inactive,Inactive,Inactive,Inactive,Inactive,Inactive,Inactive,Inactive,Inactive,Inactive,Inactive
Daniel Theis,9,,3/11/2018,26-213,BOS,Away,IND,L (-1),Inactive,Inactive,Inactive,Inactive,Inactive,Inactive,Inactive,Inactive,Inactive,Inactive,Inactive,Inactive,Inactive,Inactive,Inactive,Inactive,Inactive,Inactive,Inactive,Inactive,Inactive,Inactive
Daniel Theis,10,,5/11/2018,26-215,BOS,Away,DEN,L (-8),Inactive,Inactive,Inactive,Inactive,Inactive,Inactive,Inactive,Inactive,Inactive,Inactive,Inactive,Inactive,Inactive,Inactive,Inactive,Inactive,Inactive,Inactive,Inactive,Inactive,Inactive,Inactive
Daniel Theis,11,,8/11/2018,26-218,BOS,Away,PHO,W (+7),Inactive,Inactive,Inactive,Inactive,Inactive,Inactive,Inactive,Inactive,Inactive,Inactive,Inactive,Inactive,Inactive,Inactive,Inactive,Inactive,Inactive,Inactive,Inactive,Inactive,Inactive,Inactive
Daniel Theis,12,,9/11/2018,26-219,BOS,Away,UTA,L (-8),Inactive,Inactive,Inactive,Inactive,Inactive,Inactive,Inactive,Inactive,Inactive,Inactive,Inactive,Inactive,Inactive,Inactive,Inactive,Inactive,Inactive,Inactive,Inactive,Inactive,Inactive,Inactive
Daniel Theis,13,6,11/11/2018,26-221,BOS,Away,POR,L (-6),0,4:44,0,1,0,0,1,0,0,0,,0,2,2,0,0,0,1,1,0,-1.5,8
Daniel Theis,14,7,14/11/2018,26-224,BOS,Home,CHI,W (+29),0,9:22,1,1,1,0,0,,0,0,,0,1,1,0,1,1,1,2,2,1.9,-3
Daniel Theis,15,,16/11/2018,26-226,BOS,Home,TOR,W (+7),Did Not Play,Did Not Play,Did Not Play,Did Not Play,Did Not Play,Did Not Play,Did Not Play,Did Not Play,Did Not Play,Did Not Play,Did Not Play,Did Not Play,Did Not Play,Did Not Play,Did Not Play,Did Not Play,Did Not Play,Did Not Play,Did Not Play,Did Not Play,Did Not Play,Did Not Play
Daniel Theis,16,8,17/11/2018,26-227,BOS,Home,UTA,L (-12),0,12:24,3,4,0.75,0,0,,1,4,0.25,2,0,2,0,0,0,0,4,7,4,5
Daniel Theis,17,9,19/11/2018,26-229,BOS,Away,CHO,L (-5),0,15:53,5,6,0.833,0,0,,0,0,,1,1,2,1,0,0,2,2,10,6.7,7
Daniel Theis,18,10,21/11/2018,26-231,BOS,Home,NYK,L (-8),0,3:39,0,2,0,0,0,,0,0,,1,1,2,0,0,1,0,2,0,-0.5,-9
Daniel Theis,19,11,23/11/2018,26-233,BOS,Away,ATL,W (+18),0,15:54,3,4,0.75,1,1,1,0,0,,1,4,5,1,0,1,1,6,7,5.3,+
Daniel Theis,1,,17/10/2017,25-196,BOS,Away,CLE,L (-3),Did Not Play,Did Not Play,Did Not Play,Did Not Play,Did Not Play,Did Not Play,Did Not Play,Did Not Play,Did Not Play,Did Not Play,Did Not Play,Did Not Play,Did Not Play,Did Not Play,Did Not Play,Did Not Play,Did Not Play,Did Not Play,Did Not Play,Did Not Play,Did Not Play,Did Not Play
Daniel Theis,2,1,18/10/2017,25-197,BOS,Home,MIL,L (-8),0,4:45,2,3,0.667,0,0,,2,2,1,2,0,2,0,0,0,1,1,6,4.7,2
Daniel Theis,3,2,20/10/2017,25-199,BOS,Away,PHI,W (+10),0,10:39,0,1,0,0,1,0,0,0,,1,2,3,1,0,1,1,2,0,0.2,0
Daniel Theis,4,3,24/10/2017,25-203,BOS,Home,NYK,W (+21),0,20:44,4,6,0.667,1,1,1,2,3,0.667,1,4,5,1,0,2,2,4,11,8.4,14
Daniel Theis,5,4,26/10/2017,25-205,BOS,Away,MIL,W (+7),1,18:46,0,1,0,0,0,,0,0,,0,5,5,1,0,1,2,4,0,-1.4,1
Daniel Theis,6,5,28/10/2017,25-207,BOS,Away,MIA,W (+6),0,15:06,4,6,0.667,0,0,,0,0,,3,1,4,0,1,0,1,4,8,6.2,-3
Daniel Theis,7,6,30/10/2017,25-209,BOS,Home,SAS,W (+14),0,13:58,2,3,0.667,0,1,0,2,2,1,3,3,6,0,0,1,2,2,6,5.6,-2
Daniel Theis,8,7,1/11/2017,25-211,BOS,Home,SAC,W (+27),0,18:18,4,7,0.571,0,0,,2,2,1,4,6,10,0,0,1,0,4,10,10.4,11
Daniel Theis,9,8,3/11/2017,25-213,BOS,Away,OKC,W (+7),0,7:28,0,1,0,0,0,,0,0,,0,1,1,0,0,0,1,2,0,-2.2,-1
Daniel Theis,10,9,5/11/2017,25-215,BOS,Away,ORL,W (+16),0,3:01,1,1,1,0,0,,0,0,,0,1,1,0,0,0,0,1,2,1.6,-5
Daniel Theis,11,10,6/11/2017,25-216,BOS,Away,ATL,W (+3),0,13:59,1,1,1,0,0,,1,3,0.333,2,0,2,2,0,0,2,3,3,1.5,-2
Daniel Theis,12,11,8/11/2017,25-218,BOS,Home,LAL,W (+11),0,22:22,3,6,0.5,0,1,0,2,2,1,3,2,5,0,2,3,2,5,8,7.8,14
Daniel Theis,13,12,10/11/2017,25-220,BOS,Home,CHO,W (+3),0,17:19,3,4,0.75,1,2,0.5,0,0,,1,3,4,0,1,1,2,5,7,4.7,4
Daniel Theis,14,13,12/11/2017,25-222,BOS,Home,TOR,W (+1),0,17:17,1,2,0.5,0,0,,0,0,,2,6,8,1,1,2,2,1,2,4.9,-6
Daniel Theis,15,14,14/11/2017,25-224,BOS,Away,BRK,W (+7),0,11:16,1,5,0.2,1,3,0.333,0,0,,1,6,7,0,0,1,0,2,3,2.3,-7
Daniel Theis,16,15,16/11/2017,25-226,BOS,Home,GSW,W (+4),0,2:58,0,0,,0,0,,0,0,,0,2,2,0,0,0,0,0,0,0.6,-2
Daniel Theis,17,16,18/11/2017,25-228,BOS,Away,ATL,W (+11),0,3:06,0,2,0,0,0,,0,0,,2,1,3,0,0,0,2,0,0,-1.7,-4
Daniel Theis,18,17,20/11/2017,25-230,BOS,Away,DAL,W (+8),0,6:19,0,0,,0,0,,0,0,,0,3,3,0,0,0,0,0,0,0.9,-5
Daniel Theis,19,18,22/11/2017,25-232,BOS,Away,MIA,L (-6),0,9:45,1,1,1,0,0,,1,2,0.5,0,1,1,0,0,0,2,1,3,0.2,-14
Guerschon Yabusele,1,1,16/10/2018,22-303,BOS,Home,PHI,W (+18),0,1:27,0,0,,0,0,,0,0,,0,0,0,0,0,0,0,0,0,0,2
Guerschon Yabusele,2,,19/10/2018,22-306,BOS,Away,TOR,L (-12),Did Not Play,Did Not Play,Did Not Play,Did Not Play,Did Not Play,Did Not Play,Did Not Play,Did Not Play,Did Not Play,Did Not Play,Did Not Play,Did Not Play,Did Not Play,Did Not Play,Did Not Play,Did Not Play,Did Not Play,Did Not Play,Did Not Play,Did Not Play,Did Not Play,Did Not Play
Guerschon Yabusele,3,2,20/10/2018,22-307,BOS,Away,NYK,W (+2),0,5:47,1,1,1,0,0,,0,0,,0,0,0,0,0,0,0,1,2,1.3,1
Guerschon Yabusele,4,3,22/10/2018,22-309,BOS,Home,ORL,L (-3),0,2:31,0,1,0,0,1,0,0,0,,0,0,0,0,0,0,0,0,0,-0.7,2
Guerschon Yabusele,5,,25/10/2018,22-312,BOS,Away,OKC,W (+6),Did Not Play,Did Not Play,Did Not Play,Did Not Play,Did Not Play,Did Not Play,Did Not Play,Did Not Play,Did Not Play,Did Not Play,Did Not Play,Did Not Play,Did Not Play,Did Not Play,Did Not Play,Did Not Play,Did Not Play,Did Not Play,Did Not Play,Did Not Play,Did Not Play,Did Not Play
Guerschon Yabusele,6,4,27/10/2018,22-314,BOS,Away,DET,W (+20),0,5:15,1,2,0.5,0,0,,0,0,,1,2,3,0,0,0,0,0,2,2.3,-9
Guerschon Yabusele,7,5,30/10/2018,22-317,BOS,Home,DET,W (+3),0,2:59,0,2,0,0,2,0,0,0,,1,1,2,0,0,1,0,0,0,0.3,-6
Guerschon Yabusele,8,,1/11/2018,22-319,BOS,Home,MIL,W (+4),Did Not Play,Did Not Play,Did Not Play,Did Not Play,Did Not Play,Did Not Play,Did Not Play,Did Not Play,Did Not Play,Did Not Play,Did Not Play,Did Not Play,Did Not Play,Did Not Play,Did Not Play,Did Not Play,Did Not Play,Did Not Play,Did Not Play,Did Not Play,Did Not Play,Did Not Play
Guerschon Yabusele,9,,3/11/2018,22-321,BOS,Away,IND,L (-1),Did Not Play,Did Not Play,Did Not Play,Did Not Play,Did Not Play,Did Not Play,Did Not Play,Did Not Play,Did Not Play,Did Not Play,Did Not Play,Did Not Play,Did Not Play,Did Not Play,Did Not Play,Did Not Play,Did Not Play,Did Not Play,Did Not Play,Did Not Play,Did Not Play,Did Not Play
Guerschon Yabusele,10,,5/11/2018,22-323,BOS,Away,DEN,L (-8),Did Not Play,Did Not Play,Did Not Play,Did Not Play,Did Not Play,Did Not Play,Did Not Play,Did Not Play,Did Not Play,Did Not Play,Did Not Play,Did Not Play,Did Not Play,Did Not Play,Did Not Play,Did Not Play,Did Not Play,Did Not Play,Did Not Play,Did Not Play,Did Not Play,Did Not Play
Guerschon Yabusele,11,6,8/11/2018,22-326,BOS,Away,PHO,W (+7),0,4:47,0,1,0,0,0,,0,0,,1,1,2,1,0,0,1,1,0,-0.4,-1
Guerschon Yabusele,12,7,9/11/2018,22-327,BOS,Away,UTA,L (-8),0,0:17,0,0,,0,0,,0,0,,0,0,0,0,0,0,0,1,0,-0.4,-2
Guerschon Yabusele,13,,11/11/2018,22-329,BOS,Away,POR,L (-6),Did Not Play,Did Not Play,Did Not Play,Did Not Play,Did Not Play,Did Not Play,Did Not Play,Did Not Play,Did Not Play,Did Not Play,Did Not Play,Did Not Play,Did Not Play,Did Not Play,Did Not Play,Did Not Play,Did Not Play,Did Not Play,Did Not Play,Did Not Play,Did Not Play,Did Not Play
Guerschon Yabusele,14,8,14/11/2018,22-332,BOS,Home,CHI,W (+29),0,5:38,0,1,0,0,0,,3,4,0.75,0,1,1,1,0,0,0,0,3,2.9,1
Guerschon Yabusele,15,,16/11/2018,22-334,BOS,Home,TOR,W (+7),Did Not Play,Did Not Play,Did Not Play,Did Not Play,Did Not Play,Did Not Play,Did Not Play,Did Not Play,Did Not Play,Did Not Play,Did Not Play,Did Not Play,Did Not Play,Did Not Play,Did Not Play,Did Not Play,Did Not Play,Did Not Play,Did Not Play,Did Not Play,Did Not Play,Did Not Play
Guerschon Yabusele,16,9,17/11/2018,22-335,BOS,Home,UTA,L (-12),0,8:58,2,5,0.4,1,2,0.5,4,4,1,1,1,2,0,2,0,0,1,9,8.9,5
Guerschon Yabusele,17,,19/11/2018,22-337,BOS,Away,CHO,L (-5),Did Not Play,,,,,,,,,,,,,,,,,,,,,
Guerschon Yabusele,18,,21/11/2018,22-339,BOS,Home,NYK,L (-8),Did Not Play,Did Not Play,Did Not Play,Did Not Play,Did Not Play,Did Not Play,Did Not Play,Did Not Play,Did Not Play,Did Not Play,Did Not Play,Did Not Play,Did Not Play,Did Not Play,Did Not Play,Did Not Play,Did Not Play,Did Not Play,Did Not Play,Did Not Play,Did Not Play,Did Not Play
Guerschon Yabusele,19,10,23/11/2018,22-341,BOS,Away,ATL,W (+18),0,2:48,1,3,0.333,0,1,0,0,0,,0,0,0,1,0,0,0,1,2,0.6,2
Guerschon Yabusele,1,,17/10/2017,21-304,BOS,Away,CLE,L (-3),Inactive,Inactive,Inactive,Inactive,Inactive,Inactive,Inactive,Inactive,Inactive,Inactive,Inactive,Inactive,Inactive,Inactive,Inactive,Inactive,Inactive,Inactive,Inactive,Inactive,Inactive,Inactive
Guerschon Yabusele,2,,18/10/2017,21-305,BOS,Home,MIL,L (-8),Did Not Play,Did Not Play,Did Not Play,Did Not Play,Did Not Play,Did Not Play,Did Not Play,Did Not Play,Did Not Play,Did Not Play,Did Not Play,Did Not Play,Did Not Play,Did Not Play,Did Not Play,Did Not Play,Did Not Play,Did Not Play,Did Not Play,Did Not Play,Did Not Play,Did Not Play
Guerschon Yabusele,3,1,20/10/2017,21-307,BOS,Away,PHI,W (+10),0,3:17,1,2,0.5,1,1,1,0,0,,0,1,1,0,0,0,2,2,3,-0.5,4
Guerschon Yabusele,4,2,24/10/2017,21-311,BOS,Home,NYK,W (+21),0,2:03,1,1,1,0,0,,2,2,1,0,0,0,0,0,0,0,0,4,3.7,-3
Guerschon Yabusele,5,,26/10/2017,21-313,BOS,Away,MIL,W (+7),Did Not Play,Did Not Play,Did Not Play,Did Not Play,Did Not Play,Did Not Play,Did Not Play,Did Not Play,Did Not Play,Did Not Play,Did Not Play,Did Not Play,Did Not Play,Did Not Play,Did Not Play,Did Not Play,Did Not Play,Did Not Play,Did Not Play,Did Not Play,Did Not Play,Did Not Play
Guerschon Yabusele,6,,28/10/2017,21-315,BOS,Away,MIA,W (+6),Did Not Play,Did Not Play,Did Not Play,Did Not Play,Did Not Play,Did Not Play,Did Not Play,Did Not Play,Did Not Play,Did Not Play,Did Not Play,Did Not Play,Did Not Play,Did Not Play,Did Not Play,Did Not Play,Did Not Play,Did Not Play,Did Not Play,Did Not Play,Did Not Play,Did Not Play
Guerschon Yabusele,7,3,30/10/2017,21-317,BOS,Home,SAS,W (+14),0,2:48,1,1,1,1,1,1,0,0,,1,0,1,0,0,0,0,0,3,3.4,-1
Guerschon Yabusele,8,4,1/11/2017,21-319,BOS,Home,SAC,W (+27),0,6:59,2,5,0.4,0,2,0,0,0,,3,0,3,0,0,0,0,0,4,3.4,3
Guerschon Yabusele,9,,3/11/2017,21-321,BOS,Away,OKC,W (+7),Did Not Play,Did Not Play,Did Not Play,Did Not Play,Did Not Play,Did Not Play,Did Not Play,Did Not Play,Did Not Play,Did Not Play,Did Not Play,Did Not Play,Did Not Play,Did Not Play,Did Not Play,Did Not Play,Did Not Play,Did Not Play,Did Not Play,Did Not Play,Did Not Play,Did Not Play
Guerschon Yabusele,10,5,5/11/2017,21-323,BOS,Away,ORL,W (+16),0,2:05,0,1,0,0,1,0,0,0,,0,1,1,0,0,0,0,0,0,-0.4,-6
Guerschon Yabusele,11,,6/11/2017,21-324,BOS,Away,ATL,W (+3),Did Not Play,Did Not Play,Did Not Play,Did Not Play,Did Not Play,Did Not Play,Did Not Play,Did Not Play,Did Not Play,Did Not Play,Did Not Play,Did Not Play,Did Not Play,Did Not Play,Did Not Play,Did Not Play,Did Not Play,Did Not Play,Did Not Play,Did Not Play,Did Not Play,Did Not Play
Guerschon Yabusele,12,,8/11/2017,21-326,BOS,Home,LAL,W (+11),Did Not Play,Did Not Play,Did Not Play,Did Not Play,Did Not Play,Did Not Play,Did Not Play,Did Not Play,Did Not Play,Did Not Play,Did Not Play,Did Not Play,Did Not Play,Did Not Play,Did Not Play,Did Not Play,Did Not Play,Did Not Play,Did Not Play,Did Not Play,Did Not Play,Did Not Play
Guerschon Yabusele,13,6,10/11/2017,21-328,BOS,Home,CHO,W (+3),0,7:30,0,1,0,0,1,0,0,0,,1,2,3,1,0,0,0,3,0,0.1,9
Guerschon Yabusele,14,,12/11/2017,21-330,BOS,Home,TOR,W (+1),Did Not Play,Did Not Play,Did Not Play,Did Not Play,Did Not Play,Did Not Play,Did Not Play,Did Not Play,Did Not Play,Did Not Play,Did Not Play,Did Not Play,Did Not Play,Did Not Play,Did Not Play,Did Not Play,Did Not Play,Did Not Play,Did Not Play,Did Not Play,Did Not Play,Did Not Play
Guerschon Yabusele,15,,14/11/2017,21-332,BOS,Away,BRK,W (+7),Did Not Play,Did Not Play,Did Not Play,Did Not Play,Did Not Play,Did Not Play,Did Not Play,Did Not Play,Did Not Play,Did Not Play,Did Not Play,Did Not Play,Did Not Play,Did Not Play,Did Not Play,Did Not Play,Did Not Play,Did Not Play,Did Not Play,Did Not Play,Did Not Play,Did Not Play
Guerschon Yabusele,16,,16/11/2017,21-334,BOS,Home,GSW,W (+4),Did Not Play,Did Not Play,Did Not Play,Did Not Play,Did Not Play,Did Not Play,Did Not Play,Did Not Play,Did Not Play,Did Not Play,Did Not Play,Did Not Play,Did Not Play,Did Not Play,Did Not Play,Did Not Play,Did Not Play,Did Not Play,Did Not Play,Did Not Play,Did Not Play,Did Not Play
Guerschon Yabusele,17,,18/11/2017,21-336,BOS,Away,ATL,W (+11),Did Not Play,Did Not Play,Did Not Play,Did Not Play,Did Not Play,Did Not Play,Did Not Play,Did Not Play,Did Not Play,Did Not Play,Did Not Play,Did Not Play,Did Not Play,Did Not Play,Did Not Play,Did Not Play,Did Not Play,Did Not Play,Did Not Play,Did Not Play,Did Not Play,Did Not Play
Guerschon Yabusele,18,,20/11/2017,21-338,BOS,Away,DAL,W (+8),Did Not Play,Did Not Play,Did Not Play,Did Not Play,Did Not Play,Did Not Play,Did Not Play,Did Not Play,Did Not Play,Did Not Play,Did Not Play,Did Not Play,Did Not Play,Did Not Play,Did Not Play,Did Not Play,Did Not Play,Did Not Play,Did Not Play,Did Not Play,Did Not Play,Did Not Play
Guerschon Yabusele,19,,22/11/2017,21-340,BOS,Away,MIA,L (-6),Did Not Play,Did Not Play,Did Not Play,Did Not Play,Did Not Play,Did Not Play,Did Not Play,Did Not Play,Did Not Play,Did Not Play,Did Not Play,Did Not Play,Did Not Play,Did Not Play,Did Not Play,Did Not Play,Did Not Play,Did Not Play,Did Not Play,Did Not Play,Did Not Play,Did Not Play
Marcus Morris,1,1,16/10/2018,29-044,BOS,Home,PHI,W (+18),0,20:30,7,12,0.583,2,7,0.286,0,0,,2,8,10,0,2,0,1,5,16,13.2,3
Marcus Morris,2,2,19/10/2018,29-047,BOS,Away,TOR,L (-12),0,25:45:00,3,7,0.429,2,4,0.5,0,0,,0,2,2,1,0,1,2,4,8,2.7,-1
Marcus Morris,3,3,20/10/2018,29-048,BOS,Away,NYK,W (+2),0,25:39:00,4,12,0.333,2,5,0.4,6,6,1,0,6,6,2,0,0,1,2,16,10.6,-17
Marcus Morris,4,4,22/10/2018,29-050,BOS,Home,ORL,L (-3),0,20:19,3,5,0.6,0,0,,1,2,0.5,0,7,7,0,0,0,1,2,7,4.6,-8
Marcus Morris,5,5,25/10/2018,29-053,BOS,Away,OKC,W (+6),0,29:37:00,5,10,0.5,4,5,0.8,7,8,0.875,0,10,10,1,0,0,2,4,21,15.7,16
Marcus Morris,6,6,27/10/2018,29-055,BOS,Away,DET,W (+20),0,24:52:00,7,12,0.583,3,6,0.5,1,1,1,1,7,8,1,0,0,1,3,18,13.7,15
Marcus Morris,7,7,30/10/2018,29-058,BOS,Home,DET,W (+3),0,30:57:00,5,11,0.455,2,4,0.5,3,4,0.75,1,8,9,2,1,0,4,4,15,8.8,0
Marcus Morris,8,8,1/11/2018,29-060,BOS,Home,MIL,W (+4),0,24:21:00,6,11,0.545,5,8,0.625,0,0,,2,3,5,1,1,1,2,3,17,13.2,-8
Marcus Morris,9,9,3/11/2018,29-062,BOS,Away,IND,L (-1),0,32:30:00,9,13,0.692,4,6,0.667,1,1,1,2,4,6,1,1,1,2,3,23,19.3,-2
Marcus Morris,10,10,5/11/2018,29-064,BOS,Away,DEN,L (-8),0,20:23,3,9,0.333,0,4,0,0,0,,0,6,6,1,0,0,4,2,6,-1.4,-18
Marcus Morris,11,11,8/11/2018,29-067,BOS,Away,PHO,W (+7),0,28:05:00,7,13,0.538,2,5,0.4,1,2,0.5,1,7,8,3,0,0,2,3,17,12,9
Marcus Morris,12,12,9/11/2018,29-068,BOS,Away,UTA,L (-8),0,27:01:00,5,11,0.455,2,4,0.5,4,4,1,0,5,5,2,2,0,2,1,16,12.8,9
Marcus Morris,13,13,11/11/2018,29-070,BOS,Away,POR,L (-6),0,24:44:00,5,11,0.455,3,6,0.5,0,0,,0,6,6,0,1,0,2,1,13,7.7,4
Marcus Morris,14,,14/11/2018,29-073,BOS,Home,CHI,W (+29),Not With Team,Not With Team,Not With Team,Not With Team,Not With Team,Not With Team,Not With Team,Not With Team,Not With Team,Not With Team,Not With Team,Not With Team,Not With Team,Not With Team,Not With Team,Not With Team,Not With Team,Not With Team,Not With Team,Not With Team,Not With Team,Not With Team
Marcus Morris,15,14,16/11/2018,29-075,BOS,Home,TOR,W (+7),0,33:04:00,4,8,0.5,1,2,0.5,2,3,0.667,1,6,7,0,0,0,2,3,11,5.9,11
Marcus Morris,16,15,17/11/2018,29-076,BOS,Home,UTA,L (-12),0,19:49,1,7,0.143,0,4,0,1,2,0.5,1,1,2,1,0,0,1,2,3,-2,-11
Marcus Morris,17,16,19/11/2018,29-078,BOS,Away,CHO,L (-5),0,25:36:00,3,8,0.375,0,2,0,3,3,1,0,8,8,1,0,0,3,0,9,4.7,-9
Marcus Morris,18,17,21/11/2018,29-080,BOS,Home,NYK,L (-8),0,30:00:00,7,13,0.538,3,6,0.5,4,4,1,1,7,8,4,1,0,1,4,21,18.7,4
Marcus Morris,19,18,23/11/2018,29-082,BOS,Away,ATL,W (+18),1,24:28:00,3,10,0.3,2,7,0.286,0,0,,0,4,4,2,1,0,1,1,8,4.4,+
Marcus Morris,1,,17/10/2017,28-045,BOS,Away,CLE,L (-3),Inactive,Inactive,Inactive,Inactive,Inactive,Inactive,Inactive,Inactive,Inactive,Inactive,Inactive,Inactive,Inactive,Inactive,Inactive,Inactive,Inactive,Inactive,Inactive,Inactive,Inactive,Inactive
Marcus Morris,2,,18/10/2017,28-046,BOS,Home,MIL,L (-8),Inactive,Inactive,Inactive,Inactive,Inactive,Inactive,Inactive,Inactive,Inactive,Inactive,Inactive,Inactive,Inactive,Inactive,Inactive,Inactive,Inactive,Inactive,Inactive,Inactive,Inactive,Inactive
Marcus Morris,3,,20/10/2017,28-048,BOS,Away,PHI,W (+10),Inactive,Inactive,Inactive,Inactive,Inactive,Inactive,Inactive,Inactive,Inactive,Inactive,Inactive,Inactive,Inactive,Inactive,Inactive,Inactive,Inactive,Inactive,Inactive,Inactive,Inactive,Inactive
Marcus Morris,4,,24/10/2017,28-052,BOS,Home,NYK,W (+21),Inactive,Inactive,Inactive,Inactive,Inactive,Inactive,Inactive,Inactive,Inactive,Inactive,Inactive,Inactive,Inactive,Inactive,Inactive,Inactive,Inactive,Inactive,Inactive,Inactive,Inactive,Inactive
Marcus Morris,5,,26/10/2017,28-054,BOS,Away,MIL,W (+7),Inactive,Inactive,Inactive,Inactive,Inactive,Inactive,Inactive,Inactive,Inactive,Inactive,Inactive,Inactive,Inactive,Inactive,Inactive,Inactive,Inactive,Inactive,Inactive,Inactive,Inactive,Inactive
Marcus Morris,6,,28/10/2017,28-056,BOS,Away,MIA,W (+6),Inactive,Inactive,Inactive,Inactive,Inactive,Inactive,Inactive,Inactive,Inactive,Inactive,Inactive,Inactive,Inactive,Inactive,Inactive,Inactive,Inactive,Inactive,Inactive,Inactive,Inactive,Inactive
Marcus Morris,7,,30/10/2017,28-058,BOS,Home,SAS,W (+14),Inactive,Inactive,Inactive,Inactive,Inactive,Inactive,Inactive,Inactive,Inactive,Inactive,Inactive,Inactive,Inactive,Inactive,Inactive,Inactive,Inactive,Inactive,Inactive,Inactive,Inactive,Inactive
Marcus Morris,8,,1/11/2017,28-060,BOS,Home,SAC,W (+27),Inactive,Inactive,Inactive,Inactive,Inactive,Inactive,Inactive,Inactive,Inactive,Inactive,Inactive,Inactive,Inactive,Inactive,Inactive,Inactive,Inactive,Inactive,Inactive,Inactive,Inactive,Inactive
Marcus Morris,9,1,3/11/2017,28-062,BOS,Away,OKC,W (+7),0,17:53,3,8,0.375,0,2,0,3,3,1,0,4,4,1,1,0,1,2,9,5.7,11
Marcus Morris,10,2,5/11/2017,28-064,BOS,Away,ORL,W (+16),1,23:00,4,10,0.4,0,3,0,4,4,1,1,6,7,1,2,0,0,3,12,10.6,2
Marcus Morris,11,,6/11/2017,28-065,BOS,Away,ATL,W (+3),Inactive,Inactive,Inactive,Inactive,Inactive,Inactive,Inactive,Inactive,Inactive,Inactive,Inactive,Inactive,Inactive,Inactive,Inactive,Inactive,Inactive,Inactive,Inactive,Inactive,Inactive,Inactive
Marcus Morris,12,3,8/11/2017,28-067,BOS,Home,LAL,W (+11),1,24:38:00,7,15,0.467,3,6,0.5,1,2,0.5,0,1,1,2,1,0,0,2,18,11.8,6
Marcus Morris,13,4,10/11/2017,28-069,BOS,Home,CHO,W (+3),1,23:24,5,10,0.5,2,3,0.667,2,2,1,1,6,7,0,0,0,0,1,14,11.1,-3
Marcus Morris,14,5,12/11/2017,28-071,BOS,Home,TOR,W (+1),0,21:58,2,7,0.286,1,3,0.333,3,5,0.6,1,4,5,1,0,0,3,1,8,2.3,-2
Marcus Morris,15,6,14/11/2017,28-073,BOS,Away,BRK,W (+7),1,25:19:00,8,12,0.667,2,3,0.667,3,3,1,0,10,10,1,0,0,3,1,21,16.1,-10
Marcus Morris,16,7,16/11/2017,28-075,BOS,Home,GSW,W (+4),1,26:20:00,4,10,0.4,2,5,0.4,2,2,1,0,4,4,1,1,1,2,1,12,7.8,-12
Marcus Morris,17,8,18/11/2017,28-077,BOS,Away,ATL,W (+11),1,24:27:00,5,9,0.556,1,2,0.5,3,3,1,1,3,4,2,1,1,0,0,14,14.4,18
Marcus Morris,18,9,20/11/2017,28-079,BOS,Away,DAL,W (+8),1,26:11:00,3,11,0.273,1,4,0.25,1,1,1,1,8,9,2,1,1,1,3,8,5.5,0
Marcus Morris,19,10,22/11/2017,28-081,BOS,Away,MIA,L (-6),0,21:07,3,9,0.333,1,3,0.333,7,8,0.875,1,3,4,1,1,0,0,0,14,11.8,-1
